name,code,city,state,active
New Delhi,NDLS,New Delhi,Delhi,True
Old Delhi,DLI,Delhi,Delhi,True
Hazrat Nizamuddin,NZM,New Delhi,Delhi,True
Anand Vihar Terminal,ANVT,New Delhi,Delhi,True
Sarai Rohilla,DEE,New Delhi,Delhi,True
Chhatrapati Shivaji Maharaj Terminus,CSTM,Mumbai,Maharashtra,True
Mumbai Central,BCT,Mumbai,Maharashtra,True
Bandra Terminus,BDTS,Mumbai,Maharashtra,True
Lokmanya Tilak Terminus,LTT,Mumbai,Maharashtra,True
Dadar Western,DDR,Mumbai,Maharashtra,True
Howrah Junction,HWH,Kolkata,West Bengal,True
Sealdah,SDAH,Kolkata,West Bengal,True
Kolkata,KOAA,Kolkata,West Bengal,True
Chennai Central,MAS,Chennai,Tamil Nadu,True
Chennai Egmore,MS,Chennai,Tamil Nadu,True
KSR Bengaluru,SBC,Bangalore,Karnataka,True
Yesvantpur Junction,YPR,Bangalore,Karnataka,True
Bangalore Cantonment,BNC,Bangalore,Karnataka,True
Krishnarajapuram,KJM,Bangalore,Karnataka,True
Agra Cantonment,AGC,Agra,Uttar Pradesh,True
Ahmedabad Junction,ADI,Ahmedabad,Gujarat,True
Ambala Cantonment,UMB,Ambala,Haryana,True
Amritsar Junction,ASR,Amritsar,Punjab,True
Bhopal Junction,BPL,Bhopal,Madhya Pradesh,True
Chandigarh,CDG,Chandigarh,Chandigarh,True
Guwahati,GHY,Guwahati,Assam,True
Hyderabad Deccan,HYB,Hyderabad,Telangana,True
Jaipur Junction,JP,Jaipur,Rajasthan,True
Kanpur Central,CNB,Kanpur,Uttar Pradesh,True
Lucknow,LKO,Lucknow,Uttar Pradesh,True
Madurai Junction,MDU,Madurai,Tamil Nadu,True
Nagpur Junction,NGP,Nagpur,Maharashtra,True
Patna Junction,PNBE,Patna,Bihar,True
Pune Junction,PUNE,Pune,Maharashtra,True
Secunderabad Junction,SC,Secunderabad,Telangana,True
Thiruvananthapuram Central,TVC,Thiruvananthapuram,Kerala,True
Varanasi Junction,BSB,Varanasi,Uttar Pradesh,True
Vijayawada Junction,BZA,Vijayawada,Andhra Pradesh,True
Mumbai Junction,MUM,Mumbai,Maharashtra,True
Mumbai Terminal,MUM1,Mumbai,Maharashtra,True
Mumbai City,MUM2,Mumbai,Maharashtra,True
Mumbai Cantonment,MUM3,Mumbai,Maharashtra,True
Mumbai Road,MUM4,Mumbai,Maharashtra,True
Mumbai Station,MUM5,Mumbai,Maharashtra,True
Delhi Junction,DEL,Delhi,Delhi,True
Delhi Central,DEL1,Delhi,Delhi,True
Delhi Terminal,DEL2,Delhi,Delhi,True
Delhi City,DEL3,Delhi,Delhi,True
Delhi Cantonment,DEL4,Delhi,Delhi,True
Delhi Road,DEL5,Delhi,Delhi,True
Delhi Station,DEL6,Delhi,Delhi,True
Bangalore Junction,BAN,Bangalore,Karnataka,True
Bangalore Central,BAN1,Bangalore,Karnataka,True
Bangalore Terminal,BAN2,Bangalore,Karnataka,True
Bangalore City,BAN3,Bangalore,Karnataka,True
Bangalore Road,BAN4,Bangalore,Karnataka,True
Bangalore Station,BAN5,Bangalore,Karnataka,True
Hyderabad Junction,HYD,Hyderabad,Telangana,True
Hyderabad Central,HYD1,Hyderabad,Telangana,True
Hyderabad Terminal,HYD2,Hyderabad,Telangana,True
Hyderabad City,HYD3,Hyderabad,Telangana,True
Hyderabad Cantonment,HYD4,Hyderabad,Telangana,True
Hyderabad Road,HYD5,Hyderabad,Telangana,True
Hyderabad Station,HYD6,Hyderabad,Telangana,True
Ahmedabad Central,AHM,Ahmedabad,Gujarat,True
Ahmedabad Terminal,AHM1,Ahmedabad,Gujarat,True
Ahmedabad City,AHM2,Ahmedabad,Gujarat,True
Ahmedabad Cantonment,AHM3,Ahmedabad,Gujarat,True
Ahmedabad Road,AHM4,Ahmedabad,Gujarat,True
Ahmedabad Station,AHM5,Ahmedabad,Gujarat,True
Chennai Junction,CHE,Chennai,Tamil Nadu,True
Chennai Terminal,CHE1,Chennai,Tamil Nadu,True
Chennai City,CHE2,Chennai,Tamil Nadu,True
Chennai Cantonment,CHE3,Chennai,Tamil Nadu,True
Chennai Road,CHE4,Chennai,Tamil Nadu,True
Chennai Station,CHE5,Chennai,Tamil Nadu,True
Kolkata Junction,KOL,Kolkata,West Bengal,True
Kolkata Central,KOL1,Kolkata,West Bengal,True
Kolkata Terminal,KOL2,Kolkata,West Bengal,True
Kolkata City,KOL3,Kolkata,West Bengal,True
Kolkata Cantonment,KOL4,Kolkata,West Bengal,True
Kolkata Road,KOL5,Kolkata,West Bengal,True
Kolkata Station,KOL6,Kolkata,West Bengal,True
Pune Central,PUN,Pune,Maharashtra,True
Pune Terminal,PUN1,Pune,Maharashtra,True
Pune City,PUN2,Pune,Maharashtra,True
Pune Cantonment,PUN3,Pune,Maharashtra,True
Pune Road,PUN4,Pune,Maharashtra,True
Pune Station,PUN5,Pune,Maharashtra,True
Jaipur Central,JAI,Jaipur,Rajasthan,True
Jaipur Terminal,JAI1,Jaipur,Rajasthan,True
Jaipur City,JAI2,Jaipur,Rajasthan,True
Jaipur Cantonment,JAI3,Jaipur,Rajasthan,True
Jaipur Road,JAI4,Jaipur,Rajasthan,True
Jaipur Station,JAI5,Jaipur,Rajasthan,True
Lucknow Junction,LUC,Lucknow,Uttar Pradesh,True
Lucknow Central,LUC1,Lucknow,Uttar Pradesh,True
Lucknow Terminal,LUC2,Lucknow,Uttar Pradesh,True
Lucknow City,LUC3,Lucknow,Uttar Pradesh,True
Lucknow Cantonment,LUC4,Lucknow,Uttar Pradesh,True
Lucknow Road,LUC5,Lucknow,Uttar Pradesh,True
Lucknow Station,LUC6,Lucknow,Uttar Pradesh,True
Kanpur Junction,KAN,Kanpur,Uttar Pradesh,True
Kanpur Terminal,KAN1,Kanpur,Uttar Pradesh,True
Kanpur City,KAN2,Kanpur,Uttar Pradesh,True
Kanpur Cantonment,KAN3,Kanpur,Uttar Pradesh,True
Kanpur Road,KAN4,Kanpur,Uttar Pradesh,True
Kanpur Station,KAN5,Kanpur,Uttar Pradesh,True
Nagpur Central,NAG,Nagpur,Maharashtra,True
Nagpur Terminal,NAG1,Nagpur,Maharashtra,True
Nagpur City,NAG2,Nagpur,Maharashtra,True
Nagpur Cantonment,NAG3,Nagpur,Maharashtra,True
Nagpur Road,NAG4,Nagpur,Maharashtra,True
Nagpur Station,NAG5,Nagpur,Maharashtra,True
Indore Junction,IND,Indore,Madhya Pradesh,True
Indore Central,IND1,Indore,Madhya Pradesh,True
Indore Terminal,IND2,Indore,Madhya Pradesh,True
Indore City,IND3,Indore,Madhya Pradesh,True
Indore Cantonment,IND4,Indore,Madhya Pradesh,True
Indore Road,IND5,Indore,Madhya Pradesh,True
Indore Station,IND6,Indore,Madhya Pradesh,True
Thane Junction,THA,Thane,Maharashtra,True
Thane Central,THA1,Thane,Maharashtra,True
Thane Terminal,THA2,Thane,Maharashtra,True
Thane City,THA3,Thane,Maharashtra,True
Thane Cantonment,THA4,Thane,Maharashtra,True
Thane Road,THA5,Thane,Maharashtra,True
Thane Station,THA6,Thane,Maharashtra,True
Bhopal Central,BHO,Bhopal,Madhya Pradesh,True
Bhopal Terminal,BHO1,Bhopal,Madhya Pradesh,True
Bhopal City,BHO2,Bhopal,Madhya Pradesh,True
Bhopal Cantonment,BHO3,Bhopal,Madhya Pradesh,True
Bhopal Road,BHO4,Bhopal,Madhya Pradesh,True
Bhopal Station,BHO5,Bhopal,Madhya Pradesh,True
Visakhapatnam Junction,VIS,Visakhapatnam,Andhra Pradesh,True
Visakhapatnam Central,VIS1,Visakhapatnam,Andhra Pradesh,True
Visakhapatnam Terminal,VIS2,Visakhapatnam,Andhra Pradesh,True
Visakhapatnam City,VIS3,Visakhapatnam,Andhra Pradesh,True
Visakhapatnam Cantonment,VIS4,Visakhapatnam,Andhra Pradesh,True
Visakhapatnam Road,VIS5,Visakhapatnam,Andhra Pradesh,True
Visakhapatnam Station,VIS6,Visakhapatnam,Andhra Pradesh,True
Patna Central,PAT,Patna,Bihar,True
Patna Terminal,PAT1,Patna,Bihar,True
Patna City,PAT2,Patna,Bihar,True
Patna Cantonment,PAT3,Patna,Bihar,True
Patna Road,PAT4,Patna,Bihar,True
Patna Station,PAT5,Patna,Bihar,True
Vadodara Junction,VAD,Vadodara,Gujarat,True
Vadodara Central,VAD1,Vadodara,Gujarat,True
Vadodara Terminal,VAD2,Vadodara,Gujarat,True
Vadodara City,VAD3,Vadodara,Gujarat,True
Vadodara Cantonment,VAD4,Vadodara,Gujarat,True
Vadodara Road,VAD5,Vadodara,Gujarat,True
Vadodara Station,VAD6,Vadodara,Gujarat,True
Ghaziabad Junction,GHA,Ghaziabad,Uttar Pradesh,True
Ghaziabad Central,GHA1,Ghaziabad,Uttar Pradesh,True
Ghaziabad Terminal,GHA2,Ghaziabad,Uttar Pradesh,True
Ghaziabad City,GHA3,Ghaziabad,Uttar Pradesh,True
Ghaziabad Cantonment,GHA4,Ghaziabad,Uttar Pradesh,True
Ghaziabad Road,GHA5,Ghaziabad,Uttar Pradesh,True
Ghaziabad Station,GHA6,Ghaziabad,Uttar Pradesh,True
Ludhiana Junction,LUD,Ludhiana,Punjab,True
Ludhiana Central,LUD1,Ludhiana,Punjab,True
Ludhiana Terminal,LUD2,Ludhiana,Punjab,True
Ludhiana City,LUD3,Ludhiana,Punjab,True
Ludhiana Cantonment,LUD4,Ludhiana,Punjab,True
Ludhiana Road,LUD5,Ludhiana,Punjab,True
Ludhiana Station,LUD6,Ludhiana,Punjab,True
Agra Junction,AGR,Agra,Uttar Pradesh,True
Agra Central,AGR1,Agra,Uttar Pradesh,True
Agra Terminal,AGR2,Agra,Uttar Pradesh,True
Agra City,AGR3,Agra,Uttar Pradesh,True
Agra Road,AGR4,Agra,Uttar Pradesh,True
Agra Station,AGR5,Agra,Uttar Pradesh,True
Nashik Junction,NAS,Nashik,Maharashtra,True
Nashik Central,NAS1,Nashik,Maharashtra,True
Nashik Terminal,NAS2,Nashik,Maharashtra,True
Nashik City,NAS3,Nashik,Maharashtra,True
Nashik Cantonment,NAS4,Nashik,Maharashtra,True
Nashik Road,NAS5,Nashik,Maharashtra,True
Nashik Station,NAS6,Nashik,Maharashtra,True
Faridabad Junction,FAR,Faridabad,Haryana,True
Faridabad Central,FAR1,Faridabad,Haryana,True
Faridabad Terminal,FAR2,Faridabad,Haryana,True
Faridabad City,FAR3,Faridabad,Haryana,True
Faridabad Cantonment,FAR4,Faridabad,Haryana,True
Faridabad Road,FAR5,Faridabad,Haryana,True
Faridabad Station,FAR6,Faridabad,Haryana,True
Meerut Junction,MEE,Meerut,Uttar Pradesh,True
Meerut Central,MEE1,Meerut,Uttar Pradesh,True
Meerut Terminal,MEE2,Meerut,Uttar Pradesh,True
Meerut City,MEE3,Meerut,Uttar Pradesh,True
Meerut Cantonment,MEE4,Meerut,Uttar Pradesh,True
Meerut Road,MEE5,Meerut,Uttar Pradesh,True
Meerut Station,MEE6,Meerut,Uttar Pradesh,True
Rajkot Junction,RAJ,Rajkot,Gujarat,True
Rajkot Central,RAJ1,Rajkot,Gujarat,True
Rajkot Terminal,RAJ2,Rajkot,Gujarat,True
Rajkot City,RAJ3,Rajkot,Gujarat,True
Rajkot Cantonment,RAJ4,Rajkot,Gujarat,True
Rajkot Road,RAJ5,Rajkot,Gujarat,True
Rajkot Station,RAJ6,Rajkot,Gujarat,True
Varanasi Central,VAR,Varanasi,Uttar Pradesh,True
Varanasi Terminal,VAR1,Varanasi,Uttar Pradesh,True
Varanasi City,VAR2,Varanasi,Uttar Pradesh,True
Varanasi Cantonment,VAR3,Varanasi,Uttar Pradesh,True
Varanasi Road,VAR4,Varanasi,Uttar Pradesh,True
Varanasi Station,VAR5,Varanasi,Uttar Pradesh,True
Srinagar Junction,SRI,Srinagar,Jammu and Kashmir,True
Srinagar Central,SRI1,Srinagar,Jammu and Kashmir,True
Srinagar Terminal,SRI2,Srinagar,Jammu and Kashmir,True
Srinagar City,SRI3,Srinagar,Jammu and Kashmir,True
Srinagar Cantonment,SRI4,Srinagar,Jammu and Kashmir,True
Srinagar Road,SRI5,Srinagar,Jammu and Kashmir,True
Srinagar Station,SRI6,Srinagar,Jammu and Kashmir,True
Aurangabad Junction,AUR,Aurangabad,Maharashtra,True
Aurangabad Central,AUR1,Aurangabad,Maharashtra,True
Aurangabad Terminal,AUR2,Aurangabad,Maharashtra,True
Aurangabad City,AUR3,Aurangabad,Maharashtra,True
Aurangabad Cantonment,AUR4,Aurangabad,Maharashtra,True
Aurangabad Road,AUR5,Aurangabad,Maharashtra,True
Aurangabad Station,AUR6,Aurangabad,Maharashtra,True
Dhanbad Junction,DHA,Dhanbad,Jharkhand,True
Dhanbad Central,DHA1,Dhanbad,Jharkhand,True
Dhanbad Terminal,DHA2,Dhanbad,Jharkhand,True
Dhanbad City,DHA3,Dhanbad,Jharkhand,True
Dhanbad Cantonment,DHA4,Dhanbad,Jharkhand,True
Dhanbad Road,DHA5,Dhanbad,Jharkhand,True
Dhanbad Station,DHA6,Dhanbad,Jharkhand,True
Amritsar Central,AMR,Amritsar,Punjab,True
Amritsar Terminal,AMR1,Amritsar,Punjab,True
Amritsar City,AMR2,Amritsar,Punjab,True
Amritsar Cantonment,AMR3,Amritsar,Punjab,True
Amritsar Road,AMR4,Amritsar,Punjab,True
Amritsar Station,AMR5,Amritsar,Punjab,True
Allahabad Junction,ALL,Allahabad,Uttar Pradesh,True
Allahabad Central,ALL1,Allahabad,Uttar Pradesh,True
Allahabad Terminal,ALL2,Allahabad,Uttar Pradesh,True
Allahabad City,ALL3,Allahabad,Uttar Pradesh,True
Allahabad Cantonment,ALL4,Allahabad,Uttar Pradesh,True
Allahabad Road,ALL5,Allahabad,Uttar Pradesh,True
Allahabad Station,ALL6,Allahabad,Uttar Pradesh,True
Ranchi Junction,RAN,Ranchi,Jharkhand,True
Ranchi Central,RAN1,Ranchi,Jharkhand,True
Ranchi Terminal,RAN2,Ranchi,Jharkhand,True
Ranchi City,RAN3,Ranchi,Jharkhand,True
Ranchi Cantonment,RAN4,Ranchi,Jharkhand,True
Ranchi Road,RAN5,Ranchi,Jharkhand,True
Ranchi Station,RAN6,Ranchi,Jharkhand,True
Howrah Central,HOW,Howrah,West Bengal,True
Howrah Terminal,HOW1,Howrah,West Bengal,True
Howrah City,HOW2,Howrah,West Bengal,True
Howrah Cantonment,HOW3,Howrah,West Bengal,True
Howrah Road,HOW4,Howrah,West Bengal,True
Howrah Station,HOW5,Howrah,West Bengal,True
Coimbatore Junction,COI,Coimbatore,Tamil Nadu,True
Coimbatore Central,COI1,Coimbatore,Tamil Nadu,True
Coimbatore Terminal,COI2,Coimbatore,Tamil Nadu,True
Coimbatore City,COI3,Coimbatore,Tamil Nadu,True
Coimbatore Cantonment,COI4,Coimbatore,Tamil Nadu,True
Coimbatore Road,COI5,Coimbatore,Tamil Nadu,True
Coimbatore Station,COI6,Coimbatore,Tamil Nadu,True
Jabalpur Junction,JAB,Jabalpur,Madhya Pradesh,True
Jabalpur Central,JAB1,Jabalpur,Madhya Pradesh,True
Jabalpur Terminal,JAB2,Jabalpur,Madhya Pradesh,True
Jabalpur City,JAB3,Jabalpur,Madhya Pradesh,True
Jabalpur Cantonment,JAB4,Jabalpur,Madhya Pradesh,True
Jabalpur Road,JAB5,Jabalpur,Madhya Pradesh,True
Jabalpur Station,JAB6,Jabalpur,Madhya Pradesh,True
Gwalior Junction,GWA,Gwalior,Madhya Pradesh,True
Gwalior Central,GWA1,Gwalior,Madhya Pradesh,True
Gwalior Terminal,GWA2,Gwalior,Madhya Pradesh,True
Gwalior City,GWA3,Gwalior,Madhya Pradesh,True
Gwalior Cantonment,GWA4,Gwalior,Madhya Pradesh,True
Gwalior Road,GWA5,Gwalior,Madhya Pradesh,True
Gwalior Station,GWA6,Gwalior,Madhya Pradesh,True
Vijayawada Central,VIJ,Vijayawada,Andhra Pradesh,True
Vijayawada Terminal,VIJ1,Vijayawada,Andhra Pradesh,True
Vijayawada City,VIJ2,Vijayawada,Andhra Pradesh,True
Vijayawada Cantonment,VIJ3,Vijayawada,Andhra Pradesh,True
Vijayawada Road,VIJ4,Vijayawada,Andhra Pradesh,True
Vijayawada Station,VIJ5,Vijayawada,Andhra Pradesh,True
Jodhpur Junction,JOD,Jodhpur,Rajasthan,True
Jodhpur Central,JOD1,Jodhpur,Rajasthan,True
Jodhpur Terminal,JOD2,Jodhpur,Rajasthan,True
Jodhpur City,JOD3,Jodhpur,Rajasthan,True
Jodhpur Cantonment,JOD4,Jodhpur,Rajasthan,True
Jodhpur Road,JOD5,Jodhpur,Rajasthan,True
Jodhpur Station,JOD6,Jodhpur,Rajasthan,True
Madurai Central,MAD,Madurai,Tamil Nadu,True
Madurai Terminal,MAD1,Madurai,Tamil Nadu,True
Madurai City,MAD2,Madurai,Tamil Nadu,True
Madurai Cantonment,MAD3,Madurai,Tamil Nadu,True
Madurai Road,MAD4,Madurai,Tamil Nadu,True
Madurai Station,MAD5,Madurai,Tamil Nadu,True
Raipur Junction,RAI,Raipur,Chhattisgarh,True
Raipur Central,RAI1,Raipur,Chhattisgarh,True
Raipur Terminal,RAI2,Raipur,Chhattisgarh,True
Raipur City,RAI3,Raipur,Chhattisgarh,True
Raipur Cantonment,RAI4,Raipur,Chhattisgarh,True
Raipur Road,RAI5,Raipur,Chhattisgarh,True
Raipur Station,RAI6,Raipur,Chhattisgarh,True
Kota Junction,KOT,Kota,Rajasthan,True
Kota Central,KOT1,Kota,Rajasthan,True
Kota Terminal,KOT2,Kota,Rajasthan,True
Kota City,KOT3,Kota,Rajasthan,True
Kota Cantonment,KOT4,Kota,Rajasthan,True
Kota Road,KOT5,Kota,Rajasthan,True
Kota Station,KOT6,Kota,Rajasthan,True
Chandigarh Junction,CHA,Chandigarh,Chandigarh,True
Chandigarh Central,CHA1,Chandigarh,Chandigarh,True
Chandigarh Terminal,CHA2,Chandigarh,Chandigarh,True
Chandigarh City,CHA3,Chandigarh,Chandigarh,True
Chandigarh Cantonment,CHA4,Chandigarh,Chandigarh,True
Chandigarh Road,CHA5,Chandigarh,Chandigarh,True
Chandigarh Station,CHA6,Chandigarh,Chandigarh,True
Guwahati Junction,GUW,Guwahati,Assam,True
Guwahati Central,GUW1,Guwahati,Assam,True
Guwahati Terminal,GUW2,Guwahati,Assam,True
Guwahati City,GUW3,Guwahati,Assam,True
Guwahati Cantonment,GUW4,Guwahati,Assam,True
Guwahati Road,GUW5,Guwahati,Assam,True
Guwahati Station,GUW6,Guwahati,Assam,True
Solapur Junction,SOL,Solapur,Maharashtra,True
Solapur Central,SOL1,Solapur,Maharashtra,True
Solapur Terminal,SOL2,Solapur,Maharashtra,True
Solapur City,SOL3,Solapur,Maharashtra,True
Solapur Cantonment,SOL4,Solapur,Maharashtra,True
Solapur Road,SOL5,Solapur,Maharashtra,True
Solapur Station,SOL6,Solapur,Maharashtra,True
Tiruchirappalli Junction,TIR,Tiruchirappalli,Tamil Nadu,True
Tiruchirappalli Central,TIR1,Tiruchirappalli,Tamil Nadu,True
Tiruchirappalli Terminal,TIR2,Tiruchirappalli,Tamil Nadu,True
Tiruchirappalli City,TIR3,Tiruchirappalli,Tamil Nadu,True
Tiruchirappalli Cantonment,TIR4,Tiruchirappalli,Tamil Nadu,True
Tiruchirappalli Road,TIR5,Tiruchirappalli,Tamil Nadu,True
Tiruchirappalli Station,TIR6,Tiruchirappalli,Tamil Nadu,True
Bareilly Junction,BAR,Bareilly,Uttar Pradesh,True
Bareilly Central,BAR1,Bareilly,Uttar Pradesh,True
Bareilly Terminal,BAR2,Bareilly,Uttar Pradesh,True
Bareilly City,BAR3,Bareilly,Uttar Pradesh,True
Bareilly Cantonment,BAR4,Bareilly,Uttar Pradesh,True
Bareilly Road,BAR5,Bareilly,Uttar Pradesh,True
Bareilly Station,BAR6,Bareilly,Uttar Pradesh,True
Mysore Junction,MYS,Mysore,Karnataka,True
Mysore Central,MYS1,Mysore,Karnataka,True
Mysore Terminal,MYS2,Mysore,Karnataka,True
Mysore City,MYS3,Mysore,Karnataka,True
Mysore Cantonment,MYS4,Mysore,Karnataka,True
Mysore Road,MYS5,Mysore,Karnataka,True
Mysore Station,MYS6,Mysore,Karnataka,True
Tiruppur Junction,TIR7,Tiruppur,Tamil Nadu,True
Tiruppur Central,TIR8,Tiruppur,Tamil Nadu,True
Tiruppur Terminal,TIR9,Tiruppur,Tamil Nadu,True
Tiruppur City,TIR10,Tiruppur,Tamil Nadu,True
Tiruppur Cantonment,TIR11,Tiruppur,Tamil Nadu,True
Tiruppur Road,TIR12,Tiruppur,Tamil Nadu,True
Tiruppur Station,TIR13,Tiruppur,Tamil Nadu,True
Gurgaon Junction,GUR,Gurgaon,Haryana,True
Gurgaon Central,GUR1,Gurgaon,Haryana,True
Gurgaon Terminal,GUR2,Gurgaon,Haryana,True
Gurgaon City,GUR3,Gurgaon,Haryana,True
Gurgaon Cantonment,GUR4,Gurgaon,Haryana,True
Gurgaon Road,GUR5,Gurgaon,Haryana,True
Gurgaon Station,GUR6,Gurgaon,Haryana,True
Aligarh Junction,ALI,Aligarh,Uttar Pradesh,True
Aligarh Central,ALI1,Aligarh,Uttar Pradesh,True
Aligarh Terminal,ALI2,Aligarh,Uttar Pradesh,True
Aligarh City,ALI3,Aligarh,Uttar Pradesh,True
Aligarh Cantonment,ALI4,Aligarh,Uttar Pradesh,True
Aligarh Road,ALI5,Aligarh,Uttar Pradesh,True
Aligarh Station,ALI6,Aligarh,Uttar Pradesh,True
Jalandhar Junction,JAL,Jalandhar,Punjab,True
Jalandhar Central,JAL1,Jalandhar,Punjab,True
Jalandhar Terminal,JAL2,Jalandhar,Punjab,True
Jalandhar City,JAL3,Jalandhar,Punjab,True
Jalandhar Cantonment,JAL4,Jalandhar,Punjab,True
Jalandhar Road,JAL5,Jalandhar,Punjab,True
Jalandhar Station,JAL6,Jalandhar,Punjab,True
Bhubaneswar Junction,BHU,Bhubaneswar,Odisha,True
Bhubaneswar Central,BHU1,Bhubaneswar,Odisha,True
Bhubaneswar Terminal,BHU2,Bhubaneswar,Odisha,True
Bhubaneswar City,BHU3,Bhubaneswar,Odisha,True
Bhubaneswar Cantonment,BHU4,Bhubaneswar,Odisha,True
Bhubaneswar Road,BHU5,Bhubaneswar,Odisha,True
Bhubaneswar Station,BHU6,Bhubaneswar,Odisha,True
Salem Junction,SAL,Salem,Tamil Nadu,True
Salem Central,SAL1,Salem,Tamil Nadu,True
Salem Terminal,SAL2,Salem,Tamil Nadu,True
Salem City,SAL3,Salem,Tamil Nadu,True
Salem Cantonment,SAL4,Salem,Tamil Nadu,True
Salem Road,SAL5,Salem,Tamil Nadu,True
Salem Station,SAL6,Salem,Tamil Nadu,True
Warangal Junction,WAR,Warangal,Telangana,True
Warangal Central,WAR1,Warangal,Telangana,True
Warangal Terminal,WAR2,Warangal,Telangana,True
Warangal City,WAR3,Warangal,Telangana,True
Warangal Cantonment,WAR4,Warangal,Telangana,True
Warangal Road,WAR5,Warangal,Telangana,True
Warangal Station,WAR6,Warangal,Telangana,True
Guntur Junction,GUN,Guntur,Andhra Pradesh,True
Guntur Central,GUN1,Guntur,Andhra Pradesh,True
Guntur Terminal,GUN2,Guntur,Andhra Pradesh,True
Guntur City,GUN3,Guntur,Andhra Pradesh,True
Guntur Cantonment,GUN4,Guntur,Andhra Pradesh,True
Guntur Road,GUN5,Guntur,Andhra Pradesh,True
Guntur Station,GUN6,Guntur,Andhra Pradesh,True
Saharanpur Junction,SAH,Saharanpur,Uttar Pradesh,True
Saharanpur Central,SAH1,Saharanpur,Uttar Pradesh,True
Saharanpur Terminal,SAH2,Saharanpur,Uttar Pradesh,True
Saharanpur City,SAH3,Saharanpur,Uttar Pradesh,True
Saharanpur Cantonment,SAH4,Saharanpur,Uttar Pradesh,True
Saharanpur Road,SAH5,Saharanpur,Uttar Pradesh,True
Saharanpur Station,SAH6,Saharanpur,Uttar Pradesh,True
Gorakhpur Junction,GOR,Gorakhpur,Uttar Pradesh,True
Gorakhpur Central,GOR1,Gorakhpur,Uttar Pradesh,True
Gorakhpur Terminal,GOR2,Gorakhpur,Uttar Pradesh,True
Gorakhpur City,GOR3,Gorakhpur,Uttar Pradesh,True
Gorakhpur Cantonment,GOR4,Gorakhpur,Uttar Pradesh,True
Gorakhpur Road,GOR5,Gorakhpur,Uttar Pradesh,True
Gorakhpur Station,GOR6,Gorakhpur,Uttar Pradesh,True
Bikaner Junction,BIK,Bikaner,Rajasthan,True
Bikaner Central,BIK1,Bikaner,Rajasthan,True
Bikaner Terminal,BIK2,Bikaner,Rajasthan,True
Bikaner City,BIK3,Bikaner,Rajasthan,True
Bikaner Cantonment,BIK4,Bikaner,Rajasthan,True
Bikaner Road,BIK5,Bikaner,Rajasthan,True
Bikaner Station,BIK6,Bikaner,Rajasthan,True
Amravati Junction,AMR6,Amravati,Maharashtra,True
Amravati Central,AMR7,Amravati,Maharashtra,True
Amravati Terminal,AMR8,Amravati,Maharashtra,True
Amravati City,AMR9,Amravati,Maharashtra,True
Amravati Cantonment,AMR10,Amravati,Maharashtra,True
Amravati Road,AMR11,Amravati,Maharashtra,True
Amravati Station,AMR12,Amravati,Maharashtra,True
Noida Junction,NOI,Noida,Uttar Pradesh,True
Noida Central,NOI1,Noida,Uttar Pradesh,True
Noida Terminal,NOI2,Noida,Uttar Pradesh,True
Noida City,NOI3,Noida,Uttar Pradesh,True
Noida Cantonment,NOI4,Noida,Uttar Pradesh,True
Noida Road,NOI5,Noida,Uttar Pradesh,True
Noida Station,NOI6,Noida,Uttar Pradesh,True
Jamshedpur Junction,JAM,Jamshedpur,Jharkhand,True
Jamshedpur Central,JAM1,Jamshedpur,Jharkhand,True
Jamshedpur Terminal,JAM2,Jamshedpur,Jharkhand,True
Jamshedpur City,JAM3,Jamshedpur,Jharkhand,True
Jamshedpur Cantonment,JAM4,Jamshedpur,Jharkhand,True
Jamshedpur Road,JAM5,Jamshedpur,Jharkhand,True
Jamshedpur Station,JAM6,Jamshedpur,Jharkhand,True
Bhilai Junction,BHI,Bhilai,Chhattisgarh,True
Bhilai Central,BHI1,Bhilai,Chhattisgarh,True
Bhilai Terminal,BHI2,Bhilai,Chhattisgarh,True
Bhilai City,BHI3,Bhilai,Chhattisgarh,True
Bhilai Cantonment,BHI4,Bhilai,Chhattisgarh,True
Bhilai Road,BHI5,Bhilai,Chhattisgarh,True
Bhilai Station,BHI6,Bhilai,Chhattisgarh,True
Cuttack Junction,CUT,Cuttack,Odisha,True
Cuttack Central,CUT1,Cuttack,Odisha,True
Cuttack Terminal,CUT2,Cuttack,Odisha,True
Cuttack City,CUT3,Cuttack,Odisha,True
Cuttack Cantonment,CUT4,Cuttack,Odisha,True
Cuttack Road,CUT5,Cuttack,Odisha,True
Cuttack Station,CUT6,Cuttack,Odisha,True
Firozabad Junction,FIR,Firozabad,Uttar Pradesh,True
Firozabad Central,FIR1,Firozabad,Uttar Pradesh,True
Firozabad Terminal,FIR2,Firozabad,Uttar Pradesh,True
Firozabad City,FIR3,Firozabad,Uttar Pradesh,True
Firozabad Cantonment,FIR4,Firozabad,Uttar Pradesh,True
Firozabad Road,FIR5,Firozabad,Uttar Pradesh,True
Firozabad Station,FIR6,Firozabad,Uttar Pradesh,True
Kochi Junction,KOC,Kochi,Kerala,True
Kochi Central,KOC1,Kochi,Kerala,True
Kochi Terminal,KOC2,Kochi,Kerala,True
Kochi City,KOC3,Kochi,Kerala,True
Kochi Cantonment,KOC4,Kochi,Kerala,True
Kochi Road,KOC5,Kochi,Kerala,True
Kochi Station,KOC6,Kochi,Kerala,True
Bhavnagar Junction,BHA,Bhavnagar,Gujarat,True
Bhavnagar Central,BHA1,Bhavnagar,Gujarat,True
Bhavnagar Terminal,BHA2,Bhavnagar,Gujarat,True
Bhavnagar City,BHA3,Bhavnagar,Gujarat,True
Bhavnagar Cantonment,BHA4,Bhavnagar,Gujarat,True
Bhavnagar Road,BHA5,Bhavnagar,Gujarat,True
Bhavnagar Station,BHA6,Bhavnagar,Gujarat,True
Dehradun Junction,DEH,Dehradun,Uttarakhand,True
Dehradun Central,DEH1,Dehradun,Uttarakhand,True
Dehradun Terminal,DEH2,Dehradun,Uttarakhand,True
Dehradun City,DEH3,Dehradun,Uttarakhand,True
Dehradun Cantonment,DEH4,Dehradun,Uttarakhand,True
Dehradun Road,DEH5,Dehradun,Uttarakhand,True
Dehradun Station,DEH6,Dehradun,Uttarakhand,True
Durgapur Junction,DUR,Durgapur,West Bengal,True
Durgapur Central,DUR1,Durgapur,West Bengal,True
Durgapur Terminal,DUR2,Durgapur,West Bengal,True
Durgapur City,DUR3,Durgapur,West Bengal,True
Durgapur Cantonment,DUR4,Durgapur,West Bengal,True
Durgapur Road,DUR5,Durgapur,West Bengal,True
Durgapur Station,DUR6,Durgapur,West Bengal,True
Asansol Junction,ASA,Asansol,West Bengal,True
Asansol Central,ASA1,Asansol,West Bengal,True
Asansol Terminal,ASA2,Asansol,West Bengal,True
Asansol City,ASA3,Asansol,West Bengal,True
Asansol Cantonment,ASA4,Asansol,West Bengal,True
Asansol Road,ASA5,Asansol,West Bengal,True
Asansol Station,ASA6,Asansol,West Bengal,True
Nanded Junction,NAN,Nanded,Maharashtra,True
Nanded Central,NAN1,Nanded,Maharashtra,True
Nanded Terminal,NAN2,Nanded,Maharashtra,True
Nanded City,NAN3,Nanded,Maharashtra,True
Nanded Cantonment,NAN4,Nanded,Maharashtra,True
Nanded Road,NAN5,Nanded,Maharashtra,True
Nanded Station,NAN6,Nanded,Maharashtra,True
Kolhapur Junction,KOL7,Kolhapur,Maharashtra,True
Kolhapur Central,KOL8,Kolhapur,Maharashtra,True
Kolhapur Terminal,KOL9,Kolhapur,Maharashtra,True
Kolhapur City,KOL10,Kolhapur,Maharashtra,True
Kolhapur Cantonment,KOL11,Kolhapur,Maharashtra,True
Kolhapur Road,KOL12,Kolhapur,Maharashtra,True
Kolhapur Station,KOL13,Kolhapur,Maharashtra,True
Ajmer Junction,AJM,Ajmer,Rajasthan,True
Ajmer Central,AJM1,Ajmer,Rajasthan,True
Ajmer Terminal,AJM2,Ajmer,Rajasthan,True
Ajmer City,AJM3,Ajmer,Rajasthan,True
Ajmer Cantonment,AJM4,Ajmer,Rajasthan,True
Ajmer Road,AJM5,Ajmer,Rajasthan,True
Ajmer Station,AJM6,Ajmer,Rajasthan,True
Jamnagar Junction,JAM7,Jamnagar,Gujarat,True
Jamnagar Central,JAM8,Jamnagar,Gujarat,True
Jamnagar Terminal,JAM9,Jamnagar,Gujarat,True
Jamnagar City,JAM10,Jamnagar,Gujarat,True
Jamnagar Cantonment,JAM11,Jamnagar,Gujarat,True
Jamnagar Road,JAM12,Jamnagar,Gujarat,True
Jamnagar Station,JAM13,Jamnagar,Gujarat,True
Ujjain Junction,UJJ,Ujjain,Madhya Pradesh,True
Ujjain Central,UJJ1,Ujjain,Madhya Pradesh,True
Ujjain Terminal,UJJ2,Ujjain,Madhya Pradesh,True
Ujjain City,UJJ3,Ujjain,Madhya Pradesh,True
Ujjain Cantonment,UJJ4,Ujjain,Madhya Pradesh,True
Ujjain Road,UJJ5,Ujjain,Madhya Pradesh,True
Ujjain Station,UJJ6,Ujjain,Madhya Pradesh,True
Siliguri Junction,SIL,Siliguri,West Bengal,True
Siliguri Central,SIL1,Siliguri,West Bengal,True
Siliguri Terminal,SIL2,Siliguri,West Bengal,True
Siliguri City,SIL3,Siliguri,West Bengal,True
Siliguri Cantonment,SIL4,Siliguri,West Bengal,True
Siliguri Road,SIL5,Siliguri,West Bengal,True
Siliguri Station,SIL6,Siliguri,West Bengal,True
Jhansi Junction,JHA,Jhansi,Uttar Pradesh,True
Jhansi Central,JHA1,Jhansi,Uttar Pradesh,True
Jhansi Terminal,JHA2,Jhansi,Uttar Pradesh,True
Jhansi City,JHA3,Jhansi,Uttar Pradesh,True
Jhansi Cantonment,JHA4,Jhansi,Uttar Pradesh,True
Jhansi Road,JHA5,Jhansi,Uttar Pradesh,True
Jhansi Station,JHA6,Jhansi,Uttar Pradesh,True
Jammu Junction,JAM14,Jammu,Jammu and Kashmir,True
Jammu Central,JAM15,Jammu,Jammu and Kashmir,True
Jammu Terminal,JAM16,Jammu,Jammu and Kashmir,True
Jammu City,JAM17,Jammu,Jammu and Kashmir,True
Jammu Cantonment,JAM18,Jammu,Jammu and Kashmir,True
Jammu Road,JAM19,Jammu,Jammu and Kashmir,True
Jammu Station,JAM20,Jammu,Jammu and Kashmir,True
Mangalore Junction,MAN,Mangalore,Karnataka,True
Mangalore Central,MAN1,Mangalore,Karnataka,True
Mangalore Terminal,MAN2,Mangalore,Karnataka,True
Mangalore City,MAN3,Mangalore,Karnataka,True
Mangalore Cantonment,MAN4,Mangalore,Karnataka,True
Mangalore Road,MAN5,Mangalore,Karnataka,True
Mangalore Station,MAN6,Mangalore,Karnataka,True
Erode Junction,ERO,Erode,Tamil Nadu,True
Erode Central,ERO1,Erode,Tamil Nadu,True
Erode Terminal,ERO2,Erode,Tamil Nadu,True
Erode City,ERO3,Erode,Tamil Nadu,True
Erode Cantonment,ERO4,Erode,Tamil Nadu,True
Erode Road,ERO5,Erode,Tamil Nadu,True
Erode Station,ERO6,Erode,Tamil Nadu,True
Belgaum Junction,BEL,Belgaum,Karnataka,True
Belgaum Central,BEL1,Belgaum,Karnataka,True
Belgaum Terminal,BEL2,Belgaum,Karnataka,True
Belgaum City,BEL3,Belgaum,Karnataka,True
Belgaum Cantonment,BEL4,Belgaum,Karnataka,True
Belgaum Road,BEL5,Belgaum,Karnataka,True
Belgaum Station,BEL6,Belgaum,Karnataka,True
Tirunelveli Junction,TIR14,Tirunelveli,Tamil Nadu,True
Tirunelveli Central,TIR15,Tirunelveli,Tamil Nadu,True
Tirunelveli Terminal,TIR16,Tirunelveli,Tamil Nadu,True
Tirunelveli City,TIR17,Tirunelveli,Tamil Nadu,True
Tirunelveli Cantonment,TIR18,Tirunelveli,Tamil Nadu,True
Tirunelveli Road,TIR19,Tirunelveli,Tamil Nadu,True
Tirunelveli Station,TIR20,Tirunelveli,Tamil Nadu,True
Gaya Junction,GAY,Gaya,Bihar,True
Gaya Central,GAY1,Gaya,Bihar,True
Gaya Terminal,GAY2,Gaya,Bihar,True
Gaya City,GAY3,Gaya,Bihar,True
Gaya Cantonment,GAY4,Gaya,Bihar,True
Gaya Road,GAY5,Gaya,Bihar,True
Gaya Station,GAY6,Gaya,Bihar,True
Udaipur Junction,UDA,Udaipur,Rajasthan,True
Udaipur Central,UDA1,Udaipur,Rajasthan,True
Udaipur Terminal,UDA2,Udaipur,Rajasthan,True
Udaipur City,UDA3,Udaipur,Rajasthan,True
Udaipur Cantonment,UDA4,Udaipur,Rajasthan,True
Udaipur Road,UDA5,Udaipur,Rajasthan,True
Udaipur Station,UDA6,Udaipur,Rajasthan,True
Kozhikode Junction,KOZ,Kozhikode,Kerala,True
Kozhikode Central,KOZ1,Kozhikode,Kerala,True
Kozhikode Terminal,KOZ2,Kozhikode,Kerala,True
Kozhikode City,KOZ3,Kozhikode,Kerala,True
Kozhikode Cantonment,KOZ4,Kozhikode,Kerala,True
Kozhikode Road,KOZ5,Kozhikode,Kerala,True
Kozhikode Station,KOZ6,Kozhikode,Kerala,True
Kurnool Junction,KUR,Kurnool,Andhra Pradesh,True
Kurnool Central,KUR1,Kurnool,Andhra Pradesh,True
Kurnool Terminal,KUR2,Kurnool,Andhra Pradesh,True
Kurnool City,KUR3,Kurnool,Andhra Pradesh,True
Kurnool Cantonment,KUR4,Kurnool,Andhra Pradesh,True
Kurnool Road,KUR5,Kurnool,Andhra Pradesh,True
Kurnool Station,KUR6,Kurnool,Andhra Pradesh,True
Rajahmundry Junction,RAJ7,Rajahmundry,Andhra Pradesh,True
Rajahmundry Central,RAJ8,Rajahmundry,Andhra Pradesh,True
Rajahmundry Terminal,RAJ9,Rajahmundry,Andhra Pradesh,True
Rajahmundry City,RAJ10,Rajahmundry,Andhra Pradesh,True
Rajahmundry Cantonment,RAJ11,Rajahmundry,Andhra Pradesh,True
Rajahmundry Road,RAJ12,Rajahmundry,Andhra Pradesh,True
Rajahmundry Station,RAJ13,Rajahmundry,Andhra Pradesh,True
Bokaro Junction,BOK,Bokaro,Jharkhand,True
Bokaro Central,BOK1,Bokaro,Jharkhand,True
Bokaro Terminal,BOK2,Bokaro,Jharkhand,True
Bokaro City,BOK3,Bokaro,Jharkhand,True
Bokaro Cantonment,BOK4,Bokaro,Jharkhand,True
Bokaro Road,BOK5,Bokaro,Jharkhand,True
Bokaro Station,BOK6,Bokaro,Jharkhand,True
Agartala Junction,AGA,Agartala,Tripura,True
Agartala Central,AGA1,Agartala,Tripura,True
Agartala Terminal,AGA2,Agartala,Tripura,True
Agartala City,AGA3,Agartala,Tripura,True
Agartala Cantonment,AGA4,Agartala,Tripura,True
Agartala Road,AGA5,Agartala,Tripura,True
Agartala Station,AGA6,Agartala,Tripura,True
Bhagalpur Junction,BHA7,Bhagalpur,Bihar,True
Bhagalpur Central,BHA8,Bhagalpur,Bihar,True
Bhagalpur Terminal,BHA9,Bhagalpur,Bihar,True
Bhagalpur City,BHA10,Bhagalpur,Bihar,True
Bhagalpur Cantonment,BHA11,Bhagalpur,Bihar,True
Bhagalpur Road,BHA12,Bhagalpur,Bihar,True
Bhagalpur Station,BHA13,Bhagalpur,Bihar,True
Latur Junction,LAT,Latur,Maharashtra,True
Latur Central,LAT1,Latur,Maharashtra,True
Latur Terminal,LAT2,Latur,Maharashtra,True
Latur City,LAT3,Latur,Maharashtra,True
Latur Cantonment,LAT4,Latur,Maharashtra,True
Latur Road,LAT5,Latur,Maharashtra,True
Latur Station,LAT6,Latur,Maharashtra,True
Dhule Junction,DHU,Dhule,Maharashtra,True
Dhule Central,DHU1,Dhule,Maharashtra,True
Dhule Terminal,DHU2,Dhule,Maharashtra,True
Dhule City,DHU3,Dhule,Maharashtra,True
Dhule Cantonment,DHU4,Dhule,Maharashtra,True
Dhule Road,DHU5,Dhule,Maharashtra,True
Dhule Station,DHU6,Dhule,Maharashtra,True
Rohtak Junction,ROH,Rohtak,Haryana,True
Rohtak Central,ROH1,Rohtak,Haryana,True
Rohtak Terminal,ROH2,Rohtak,Haryana,True
Rohtak City,ROH3,Rohtak,Haryana,True
Rohtak Cantonment,ROH4,Rohtak,Haryana,True
Rohtak Road,ROH5,Rohtak,Haryana,True
Rohtak Station,ROH6,Rohtak,Haryana,True
Korba Junction,KOR,Korba,Chhattisgarh,True
Korba Central,KOR1,Korba,Chhattisgarh,True
Korba Terminal,KOR2,Korba,Chhattisgarh,True
Korba City,KOR3,Korba,Chhattisgarh,True
Korba Cantonment,KOR4,Korba,Chhattisgarh,True
Korba Road,KOR5,Korba,Chhattisgarh,True
Korba Station,KOR6,Korba,Chhattisgarh,True
Bhilwara Junction,BHI7,Bhilwara,Rajasthan,True
Bhilwara Central,BHI8,Bhilwara,Rajasthan,True
Bhilwara Terminal,BHI9,Bhilwara,Rajasthan,True
Bhilwara City,BHI10,Bhilwara,Rajasthan,True
Bhilwara Cantonment,BHI11,Bhilwara,Rajasthan,True
Bhilwara Road,BHI12,Bhilwara,Rajasthan,True
Bhilwara Station,BHI13,Bhilwara,Rajasthan,True
Muzaffarpur Junction,MUZ,Muzaffarpur,Bihar,True
Muzaffarpur Central,MUZ1,Muzaffarpur,Bihar,True
Muzaffarpur Terminal,MUZ2,Muzaffarpur,Bihar,True
Muzaffarpur City,MUZ3,Muzaffarpur,Bihar,True
Muzaffarpur Cantonment,MUZ4,Muzaffarpur,Bihar,True
Muzaffarpur Road,MUZ5,Muzaffarpur,Bihar,True
Muzaffarpur Station,MUZ6,Muzaffarpur,Bihar,True
Mathura Junction,MAT,Mathura,Uttar Pradesh,True
Mathura Central,MAT1,Mathura,Uttar Pradesh,True
Mathura Terminal,MAT2,Mathura,Uttar Pradesh,True
Mathura City,MAT3,Mathura,Uttar Pradesh,True
Mathura Cantonment,MAT4,Mathura,Uttar Pradesh,True
Mathura Road,MAT5,Mathura,Uttar Pradesh,True
Mathura Station,MAT6,Mathura,Uttar Pradesh,True
Kollam Junction,KOL14,Kollam,Kerala,True
Kollam Central,KOL15,Kollam,Kerala,True
Kollam Terminal,KOL16,Kollam,Kerala,True
Kollam City,KOL17,Kollam,Kerala,True
Kollam Cantonment,KOL18,Kollam,Kerala,True
Kollam Road,KOL19,Kollam,Kerala,True
Kollam Station,KOL20,Kollam,Kerala,True
Bilaspur Junction,BIL,Bilaspur,Chhattisgarh,True
Bilaspur Central,BIL1,Bilaspur,Chhattisgarh,True
Bilaspur Terminal,BIL2,Bilaspur,Chhattisgarh,True
Bilaspur City,BIL3,Bilaspur,Chhattisgarh,True
Bilaspur Cantonment,BIL4,Bilaspur,Chhattisgarh,True
Bilaspur Road,BIL5,Bilaspur,Chhattisgarh,True
Bilaspur Station,BIL6,Bilaspur,Chhattisgarh,True
Shahjahanpur Junction,SHA,Shahjahanpur,Uttar Pradesh,True
Shahjahanpur Central,SHA1,Shahjahanpur,Uttar Pradesh,True
Shahjahanpur Terminal,SHA2,Shahjahanpur,Uttar Pradesh,True
Shahjahanpur City,SHA3,Shahjahanpur,Uttar Pradesh,True
Shahjahanpur Cantonment,SHA4,Shahjahanpur,Uttar Pradesh,True
Shahjahanpur Road,SHA5,Shahjahanpur,Uttar Pradesh,True
Shahjahanpur Station,SHA6,Shahjahanpur,Uttar Pradesh,True
Satara Junction,SAT,Satara,Maharashtra,True
Satara Central,SAT1,Satara,Maharashtra,True
Satara Terminal,SAT2,Satara,Maharashtra,True
Satara City,SAT3,Satara,Maharashtra,True
Satara Cantonment,SAT4,Satara,Maharashtra,True
Satara Road,SAT5,Satara,Maharashtra,True
Satara Station,SAT6,Satara,Maharashtra,True
Rampur Junction,RAM,Rampur,Uttar Pradesh,True
Rampur Central,RAM1,Rampur,Uttar Pradesh,True
Rampur Terminal,RAM2,Rampur,Uttar Pradesh,True
Rampur City,RAM3,Rampur,Uttar Pradesh,True
Rampur Cantonment,RAM4,Rampur,Uttar Pradesh,True
Rampur Road,RAM5,Rampur,Uttar Pradesh,True
Rampur Station,RAM6,Rampur,Uttar Pradesh,True
Alwar Junction,ALW,Alwar,Rajasthan,True
Alwar Central,ALW1,Alwar,Rajasthan,True
Alwar Terminal,ALW2,Alwar,Rajasthan,True
Alwar City,ALW3,Alwar,Rajasthan,True
Alwar Cantonment,ALW4,Alwar,Rajasthan,True
Alwar Road,ALW5,Alwar,Rajasthan,True
Alwar Station,ALW6,Alwar,Rajasthan,True
Khammam Junction,KHA,Khammam,Telangana,True
Khammam Central,KHA1,Khammam,Telangana,True
Khammam Terminal,KHA2,Khammam,Telangana,True
Khammam City,KHA3,Khammam,Telangana,True
Khammam Cantonment,KHA4,Khammam,Telangana,True
Khammam Road,KHA5,Khammam,Telangana,True
Khammam Station,KHA6,Khammam,Telangana,True
Darbhanga Junction,DAR,Darbhanga,Bihar,True
Darbhanga Central,DAR1,Darbhanga,Bihar,True
Darbhanga Terminal,DAR2,Darbhanga,Bihar,True
Darbhanga City,DAR3,Darbhanga,Bihar,True
Darbhanga Cantonment,DAR4,Darbhanga,Bihar,True
Darbhanga Road,DAR5,Darbhanga,Bihar,True
Darbhanga Station,DAR6,Darbhanga,Bihar,True
Panipat Junction,PAN,Panipat,Haryana,True
Panipat Central,PAN1,Panipat,Haryana,True
Panipat Terminal,PAN2,Panipat,Haryana,True
Panipat City,PAN3,Panipat,Haryana,True
Panipat Cantonment,PAN4,Panipat,Haryana,True
Panipat Road,PAN5,Panipat,Haryana,True
Panipat Station,PAN6,Panipat,Haryana,True
Karnal Junction,KAR,Karnal,Haryana,True
Karnal Central,KAR1,Karnal,Haryana,True
Karnal Terminal,KAR2,Karnal,Haryana,True
Karnal City,KAR3,Karnal,Haryana,True
Karnal Cantonment,KAR4,Karnal,Haryana,True
Karnal Road,KAR5,Karnal,Haryana,True
Karnal Station,KAR6,Karnal,Haryana,True
Bathinda Junction,BAT,Bathinda,Punjab,True
Bathinda Central,BAT1,Bathinda,Punjab,True
Bathinda Terminal,BAT2,Bathinda,Punjab,True
Bathinda City,BAT3,Bathinda,Punjab,True
Bathinda Cantonment,BAT4,Bathinda,Punjab,True
Bathinda Road,BAT5,Bathinda,Punjab,True
Bathinda Station,BAT6,Bathinda,Punjab,True
Jalna Junction,JAL7,Jalna,Maharashtra,True
Jalna Central,JAL8,Jalna,Maharashtra,True
Jalna Terminal,JAL9,Jalna,Maharashtra,True
Jalna City,JAL10,Jalna,Maharashtra,True
Jalna Cantonment,JAL11,Jalna,Maharashtra,True
Jalna Road,JAL12,Jalna,Maharashtra,True
Jalna Station,JAL13,Jalna,Maharashtra,True
Purnia Junction,PUR,Purnia,Bihar,True
Purnia Central,PUR1,Purnia,Bihar,True
Purnia Terminal,PUR2,Purnia,Bihar,True
Purnia City,PUR3,Purnia,Bihar,True
Purnia Cantonment,PUR4,Purnia,Bihar,True
Purnia Road,PUR5,Purnia,Bihar,True
Purnia Station,PUR6,Purnia,Bihar,True
Satna Junction,SAT7,Satna,Madhya Pradesh,True
Satna Central,SAT8,Satna,Madhya Pradesh,True
Satna Terminal,SAT9,Satna,Madhya Pradesh,True
Satna City,SAT10,Satna,Madhya Pradesh,True
Satna Cantonment,SAT11,Satna,Madhya Pradesh,True
Satna Road,SAT12,Satna,Madhya Pradesh,True
Satna Station,SAT13,Satna,Madhya Pradesh,True
Sonipat Junction,SON,Sonipat,Haryana,True
Sonipat Central,SON1,Sonipat,Haryana,True
Sonipat Terminal,SON2,Sonipat,Haryana,True
Sonipat City,SON3,Sonipat,Haryana,True
Sonipat Cantonment,SON4,Sonipat,Haryana,True
Sonipat Road,SON5,Sonipat,Haryana,True
Sonipat Station,SON6,Sonipat,Haryana,True
Durg Junction,DUR7,Durg,Chhattisgarh,True
Durg Central,DUR8,Durg,Chhattisgarh,True
Durg Terminal,DUR9,Durg,Chhattisgarh,True
Durg City,DUR10,Durg,Chhattisgarh,True
Durg Cantonment,DUR11,Durg,Chhattisgarh,True
Durg Road,DUR12,Durg,Chhattisgarh,True
Durg Station,DUR13,Durg,Chhattisgarh,True
Imphal Junction,IMP,Imphal,Manipur,True
Imphal Central,IMP1,Imphal,Manipur,True
Imphal Terminal,IMP2,Imphal,Manipur,True
Imphal City,IMP3,Imphal,Manipur,True
Imphal Cantonment,IMP4,Imphal,Manipur,True
Imphal Road,IMP5,Imphal,Manipur,True
Imphal Station,IMP6,Imphal,Manipur,True
Ratlam Junction,RAT,Ratlam,Madhya Pradesh,True
Ratlam Central,RAT1,Ratlam,Madhya Pradesh,True
Ratlam Terminal,RAT2,Ratlam,Madhya Pradesh,True
Ratlam City,RAT3,Ratlam,Madhya Pradesh,True
Ratlam Cantonment,RAT4,Ratlam,Madhya Pradesh,True
Ratlam Road,RAT5,Ratlam,Madhya Pradesh,True
Ratlam Station,RAT6,Ratlam,Madhya Pradesh,True
